0.000000,I,
0.035711,B
0.071433,B
0.107144,B
0.142856,P
0.178567,B
0.214289,B
0.250000,B
0.285711,P
0.321433,B
0.357144,B
0.392856,B
0.428567,P
0.464289,B
0.500000,B
0.535711,B
0.571433,P
0.607144,B
0.642856,B
0.678567,B
0.714289,P
0.750000,B
0.785711,B
0.821433,B
0.857144,P
0.892856,B
0.928567,B
0.964289,B
1.000000,P
1.035711,I,
1.071433,B
1.107144,B
1.142856,B
1.178567,P
1.214289,B
1.250000,B
1.285711,B
1.321433,P
1.357144,B
1.392856,B
1.428567,B
1.464289,P
1.500000,B
1.535711,B
1.571433,B
1.607144,P
1.642856,B
1.678567,B
1.714289,B
1.750000,P
1.785711,B
1.821433,B
1.857144,B
1.892856,P
1.928567,B
1.964289,B
2.000000,B
2.035711,P
2.071433,I,
2.107144,B
2.142856,B
2.178567,B
2.214289,P
2.250000,B
2.285711,B
2.321433,B
2.357144,P
2.392856,B
2.428567,B
2.464289,B
2.500000,P
2.535711,B
2.571433,B
2.607144,B
2.642856,P
2.678567,B
2.714289,B
2.750000,B
2.785711,P
2.821433,B
2.857144,B
2.892856,B
2.928567,P
2.964289,B
3.000000,B
3.035711,B
3.071433,P
3.107144,I,
3.142856,B
3.178567,B
3.214289,B
3.250000,P
3.285711,B
3.321433,B
3.357144,B
3.392856,P
3.428567,B
3.464289,B
3.500000,B
3.535711,P
3.571433,B
3.607144,B
3.642856,B
3.678567,P
3.714289,B
3.750000,B
3.785711,B
3.821433,P
3.857144,B
3.892856,B
3.928567,B
3.964289,P
4.000000,B
4.034000,B
4.067000,B
4.100000,P
4.134000,I,
4.167000,B
4.200000,B
4.234000,B
4.267000,P
4.300000,P
4.334000,P
4.367000,P
4.400000,B
4.434000,P
4.467000,B
4.500000,P
4.534000,B
4.567000,B
4.634000,B
4.667000,P
4.700000,B
4.734000,B
4.767000,B
4.800000,P
4.834000,B
4.867000,B
4.900000,B
4.934000,P
4.967000,B
5.000000,B
5.034000,B
5.067000,P
5.100000,I,
5.134000,B
5.167000,B
5.200000,B
5.234000,P
5.267000,B
5.300000,B
5.334000,B
5.367000,P
5.400000,B
5.434000,B
5.467000,B
5.534000,P
5.567000,B
5.600000,B
5.634000,B
5.667000,P
5.700000,B
5.734000,B
5.767000,B
5.800000,P
5.834000,B
5.867000,B
5.900000,B
5.934000,P
6.000000,B
6.034000,B
6.067000,B
6.100000,P
6.134000,I,
6.167000,B
6.200000,B
6.234000,B
6.267000,P
6.300000,B
6.334000,B
6.367000,B
6.400000,P
6.434000,B
6.467000,B
6.500000,B
6.534000,P
6.567000,B
6.600000,B
6.634000,B
6.667000,P
6.700000,B
6.734000,B
6.767000,B
6.800000,P
6.834000,B
6.867000,B
6.900000,B
6.934000,P
6.967000,B
7.000000,B
7.034000,B
7.067000,P
7.100000,I,
7.167000,B
7.200000,B
7.234000,B
7.267000,P
7.300000,B
7.334000,B
7.367000,B
7.400000,P
7.434000,B
7.467000,B
7.500000,B
7.534000,P
7.567000,B
7.634000,B
7.667000,B
7.700000,P
7.734000,B
7.767000,B
7.800000,B
7.834000,P
7.867000,B
7.900000,B
7.934000,B
7.967000,P
8.000000,B
8.034000,B
8.067000,B
8.100000,P
8.134000,I,
8.167000,B
8.200000,B
8.234000,B
8.267000,P
8.300000,B
8.334000,B
8.367000,B
8.400000,P
8.434000,B
8.467000,B
8.500000,B
8.534000,P
8.567000,B
8.600000,B
8.634000,B
8.667000,P
8.700000,B
8.734000,B
8.800000,B
8.834000,P
8.867000,B
8.900000,B
8.934000,B
8.967000,P
9.000000,B
9.034000,B
9.067000,B
9.100000,P
9.134000,I,
9.167000,B
9.200000,B
9.234000,B
9.267000,P
9.300000,B
9.334000,B
9.367000,B
9.400000,P
9.434000,B
9.467000,B
9.500000,B
9.534000,P
9.567000,B
9.600000,B
9.634000,B
9.700000,P
9.734000,B
9.767000,B
9.800000,B
9.834000,P
9.867000,B
9.900000,B
9.934000,B
9.967000,P
10.000000,B
10.034000,B
10.067000,B
10.100000,P
10.134000,I,
10.200000,B
10.234000,B
10.267000,B
10.300000,P
10.334000,B
10.367000,B
10.400000,B
10.434000,P
10.467000,B
10.500000,B
10.534000,B
10.567000,P
10.600000,B
10.634000,B
10.667000,B
10.700000,P
10.734000,B
10.767000,B
10.800000,B
10.834000,P
10.867000,B
10.900000,B
10.934000,B
10.967000,P
11.000000,B
11.034000,B
11.067000,B
11.100000,P
11.134000,I,
11.167000,B
11.200000,B
11.234000,B
11.267000,P
11.300000,B
11.367000,B
11.400000,B
11.434000,P
11.467000,B
11.500000,B
11.534000,B
11.567000,P
11.600000,B
11.634000,B
11.667000,B
11.700000,P
11.734000,B
11.767000,B
11.800000,B
11.867000,P
11.900000,B
11.934000,B
11.967000,B
12.000000,P
12.034000,B
12.067000,B
12.100000,B
12.134000,P
12.167000,I,
12.200000,B
12.234000,B
12.267000,B
12.300000,P
12.334000,B
12.367000,B
12.400000,B
12.434000,P
12.467000,B
12.500000,B
12.534000,B
12.567000,P
12.600000,B
12.634000,B
12.667000,B
12.700000,P
12.734000,B
12.767000,B
12.800000,B
12.834000,P
12.867000,B
12.900000,B
12.934000,B
12.967000,P
13.034000,B
13.067000,B
13.100000,B
13.134000,P
13.167000,I,
13.200000,B
13.234000,B
13.267000,B
13.300000,P
13.334000,B
13.367000,B
13.400000,B
13.434000,P
13.467000,B
13.500000,B
13.534000,B
13.567000,P
13.600000,B
13.634000,B
13.667000,B
13.700000,P
13.734000,B
13.767000,B
13.800000,B
13.867000,P
13.900000,B
13.934000,B
13.967000,B
14.000000,P
14.034000,B
14.067000,B
14.100000,B
14.134000,P
14.167000,I,
14.200000,B
14.234000,B
14.267000,B
14.300000,P
14.334000,B
14.400000,B
14.434000,B
14.467000,P
14.500000,B
14.534000,B
14.567000,B
14.600000,P
14.634000,B
14.667000,B
14.700000,B
14.734000,P
14.767000,B
14.800000,B
14.834000,B
14.867000,P
14.900000,B
14.934000,B
14.967000,B
15.000000,P
15.034000,B
15.067000,B
15.100000,B
15.134000,P
15.167000,I,
15.200000,B
15.234000,B
15.267000,B
15.300000,P
15.334000,B
15.367000,B
15.400000,B
15.434000,P
15.467000,B
15.534000,P
